{
	"$schema": "https://schemas.wp.org/trunk/theme.json",
	"version": 2,
	"title": "Light Scheme",
	"settings": {
		"appearanceTools": true,
		"color": {
			"duotone": [
				{
					"colors": [
						"#000000",
						"#ffffff"
					],
					"slug": "foreground-and-background",
					"name": "Foreground and background"
				},
				{
					"colors": [
						"#000000",
						"#ffe2c7"
					],
					"slug": "foreground-and-secondary",
					"name": "Foreground and secondary"
				},
				{
					"colors": [
						"#000000",
						"#f6f6f6"
					],
					"slug": "foreground-and-tertiary",
					"name": "Foreground and tertiary"
				},
				{
					"colors": [
						"#32535C",
						"#ffffff"
					],
					"slug": "primary-and-background",
					"name": "Primary and background"
				},
				{
					"colors": [
						"#32535C",
						"#ffe2c7"
					],
					"slug": "primary-and-secondary",
					"name": "Primary and secondary"
				},
				{
					"colors": [
						"#32535C",
						"#f6f6f6"
					],
					"slug": "primary-and-tertiary",
					"name": "Primary and tertiary"
				}
			],
			"gradients": [
				{
					"slug": "vertical-secondary-to-tertiary",
					"gradient": "linear-gradient(to bottom,var(--wp--preset--color--secondary) 0%,var(--wp--preset--color--tertiary) 100%)",
					"name": "Vertical secondary to tertiary"
				},
				{
					"slug": "vertical-secondary-to-background",
					"gradient": "linear-gradient(to bottom,var(--wp--preset--color--secondary) 0%,var(--wp--preset--color--background) 100%)",
					"name": "Vertical secondary to background"
				},
				{
					"slug": "vertical-tertiary-to-background",
					"gradient": "linear-gradient(to bottom,var(--wp--preset--color--tertiary) 0%,var(--wp--preset--color--background) 100%)",
					"name": "Vertical tertiary to background"
				},
				{
					"slug": "diagonal-primary-to-foreground",
					"gradient": "linear-gradient(to bottom right,var(--wp--preset--color--primary) 0%,var(--wp--preset--color--foreground) 100%)",
					"name": "Diagonal primary to foreground"
				},
				{
					"slug": "diagonal-secondary-to-background",
					"gradient": "linear-gradient(to bottom right,var(--wp--preset--color--secondary) 50%,var(--wp--preset--color--background) 50%)",
					"name": "Diagonal secondary to background"
				},
				{
					"slug": "diagonal-background-to-secondary",
					"gradient": "linear-gradient(to bottom right,var(--wp--preset--color--background) 50%,var(--wp--preset--color--secondary) 50%)",
					"name": "Diagonal background to secondary"
				},
				{
					"slug": "diagonal-tertiary-to-background",
					"gradient": "linear-gradient(to bottom right,var(--wp--preset--color--tertiary) 50%,var(--wp--preset--color--background) 50%)",
					"name": "Diagonal tertiary to background"
				},
				{
					"slug": "diagonal-background-to-tertiary",
					"gradient": "linear-gradient(to bottom right,var(--wp--preset--color--background) 50%,var(--wp--preset--color--tertiary) 50%)",
					"name": "Diagonal background to tertiary"
				}
			],
			"palette": [
				{
					"color": "#000",
					"name": "Foreground",
					"slug": "foreground"
				},
				{
					"color": "#fff",
					"name": "Background",
					"slug": "background"
				},
				{
					"color": "#77fde8",
					"name": "Primary",
					"slug": "primary"
				},
				{
					"color": "#fff493",
					"name": "Secondary",
					"slug": "secondary"
				},
				{
					"color": "#f1f1f1",
					"name": "Secondary Background",
					"slug": "background-secondary"
				},
				{
					"color": "#111",
					"name": "Body Text",
					"slug": "body-text"
				},
				{
					"color": "#000",
					"name": "Text Link",
					"slug": "text-link"
				},
				{
					"color": "#323438",
					"name": "Border",
					"slug": "border"
				},
				{
					"color": "#c3d9e7",
					"name": "Tertiary",
					"slug": "tertiary"
				},
				{
					"color": "#1a1c1c",
					"name": "Input Field",
					"slug": "input-field"
				},
				{
					"color": "#777",
					"name": "Boulder",
					"slug": "boulder"
				},
				{
					"color": "#7d6043",
					"name": "coffee",
					"slug": "coffee"
				},
				{
					"color": "#25d6a2",
					"name": "Cyan",
					"slug": "cyan"
				},
				{
					"color": "#1b67cc",
					"name": "Dark Blue",
					"slug": "dark-blue"
				},
				{
					"color": "#30b4da",
					"name": "Sky Blue",
					"slug": "sky-blue"
				},
				{
					"color": "#0fb36c",
					"name": "Dark Green",
					"slug": "dark-green"
				},
				{
					"color": "#6ba518",
					"name": "Lite Green",
					"slug": "lite-green"
				},
				{
					"color": "#c74a73",
					"name": "Purple",
					"slug": "purple"
				},
				{
					"color": "#9261c6",
					"name": "Dark Purple",
					"slug": "dark-purple"
				},
				{
					"color": "#f78550",
					"name": "Orange",
					"slug": "orange"
				},
				{
					"color": "#f9556d",
					"name": "Lite Red",
					"slug": "lite-red"
				},
				{
					"color": "#27808c",
					"name": "Hexadecimal",
					"slug": "hexadecimal"
				},
				{
					"color": "#ff6b98",
					"name": "Pink",
					"slug": "pink"
				}
			]
		},
		"typography": {
			"dropCap": false,
			"fontFamilies": [
				{
					"fontFamily": "-apple-system,BlinkMacSystemFont,\"Segoe UI\",Roboto,Oxygen-Sans,Ubuntu,Cantarell,\"Helvetica Neue\",sans-serif",
					"name": "System Font",
					"slug": "system"
				},
				{
					"fontFamily": "'Roboto', sans-serif",
					"name": "Roboto Sans Serif",
					"slug": "roboto"
				},
				{
					"fontFamily": "'Poppins', sans-serif",
					"name": "Poppins Sans Serif",
					"slug": "poppins"
				},
				{
					"fontFamily": "'Sen', sans-serif",
					"name": "Sen Sans Serif",
					"slug": "sen"
				}
			],
			"fontSizes": [
				{
					"name": "Small",
					"size": "1rem",
					"slug": "small"
				},
				{
					"name": "Section Title",
					"size": "clamp(25px,3vw,45px)",
					"slug": "slider-title"
				},
				{
					"name": "Normal",
					"size": "1.1rem",
					"slug": "normal"
				},
				{
					"name": "Medium",
					"size": "1.75rem",
					"slug": "medium"
				},
				{
					"name": "Large",
					"size": "clamp(1.75rem, 3vw, 2.375rem)",
					"slug": "large"
				},
				{
					"name": "Huge",
					"size": "clamp(2.5rem, 4vw, 3rem)",
					"slug": "huge"
				},
				{
					"name": "Gigantic",
					"size": "clamp(3rem, 6vw, 4rem)",
					"slug": "gigantic"
				},
				{
					"name": "Colossal",
					"size": "clamp(4rem, 8vw, 6.25rem)",
					"slug": "colossal"
				}
			]
		}
	},
	"styles": {
		"blocks": {
			"core/button": {
				"variations": {
					"outline": {
						"spacing": {
							"padding": {
								"bottom": "0.9rem",
								"left": "1.8rem",
								"right": "1.9rem",
								"top": "0.8rem"
							}
						},
						"color": {
							"text": "var(--wp--preset--color--primary)"
						}
					}
				}
			},
			"core/list": {
				"spacing": {
					"margin": {
						"top": "0px",
						"bottom": "10px"
					},
					"padding": {
						"left": "20px"
					}
				}
			},
			"core/table": {
				"spacing": {
					"margin": {
						"bottom": "1.5em"
					},
					"padding": {
						"left": "20px"
					}
				}
			},
			"core/separator": {
				"spacing": {
					"margin": {
						"bottom": "1.5em"
					}
				},
				"border": {
					"radius": "0px",
					"width": "0px"
				},
				"color": {
					"background": "#999"
				}
			},
			"core/navigation": {
				"elements": {
					"link": {
						":hover": {
							"color": {
								"text": "var(--wp--preset--color--primary)"
							},
							"typography": {
								"textDecoration": "none"
							}
						},
						":focus": {
							"color": {
								"text": "var(--wp--preset--color--primary)"
							},
							"typography": {
								"textDecoration": "none"
							}
						},
						":active": {
							"color": {
								"text": "var(--wp--preset--color--primary)"
							},
							"typography": {
								"textDecoration": "none"
							}
						},
						"typography": {
							"textDecoration": "none"
						},
						"spacing": {
							"padding": {
								"left": "0",
								"right": "0",
								"top": "12px",
								"bottom": "12px"
							}
						}
					}
				},
				"typography": {
					"fontSize": "var(--wp--preset--font-size--small)",
					"fontFamily": "var(--wp--preset--font-family--roboto)"
				}
			}
		},
		"elements": {
			"button": {
				"spacing": {
					"padding": {
						"left": "var(--wp--custom--spacing--horizontal)",
						"right": "var(--wp--custom--spacing--horizontal)",
						"top": "var(--wp--custom--spacing--vertical)",
						"bottom": "var(--wp--custom--spacing--vertical)"
					}
				},
				"border": {
					"radius": "0",
					"width": "0px"
				},
				"color": {
					"background": "var(--wp--preset--color--primary)",
					"text": "var(--wp--preset--color--black)"
				},
				":visited": {
					"color": {
						"background": "var(--wp--preset--color--primary)",
						"text": "var(--wp--preset--color--black)"
					}
				},
				":hover": {
					"color": {
						"background": "var(--wp--preset--color--secondary)",
						"text": "var(--wp--preset--color--black)"
					}
				},
				":focus": {
					"color": {
						"background": "var(--wp--preset--color--secondary)",
						"text": "var(--wp--preset--color--black)"
					}
				},
				":active": {
					"color": {
						"background": "var(--wp--preset--color--secondary)",
						"text": "var(--wp--preset--color--black)"
					}
				},
				"typography": {
					"lineHeight": "1.7",
					"fontSize": "var(--wp--preset--font-size--small)",
					"fontWeight": "var(--wp--custom--typography--font-weight--medium)",
					"fontFamily": "var(--wp--preset--font-family--roboto)"
				}
			},
			"h1": {
				"spacing": {
					"margin": {
						"top": 0,
						"bottom": "0.625rem"
					}
				},
				"typography": {
					"fontFamily": "var(--wp--preset--font-family--roboto)",
					"fontSize": "var(--wp--custom--typography--font-size--heading-one)",
					"lineHeight": "var(--wp--custom--typography--line-height--heading-one)",
					"fontWeight": "var(--wp--custom--typography--font-weight--semi-bold)"
				},
				"color": {
					"text": "var(--wp--preset--color--foreground)"
				}
			},
			"h2": {
				"spacing": {
					"margin": {
						"top": 0,
						"bottom": "0.625rem"
					}
				},
				"typography": {
					"fontFamily": "var(--wp--preset--font-family--roboto)",
					"fontSize": "var(--wp--custom--typography--font-size--heading-two)",
					"lineHeight": "var(--wp--custom--typography--line-height--heading-two)",
					"fontWeight": "var(--wp--custom--typography--font-weight--semi-bold)"
				},
				"color": {
					"text": "var(--wp--preset--color--foreground)"
				}
			},
			"h3": {
				"spacing": {
					"margin": {
						"top": 0,
						"bottom": "0.625rem"
					}
				},
				"typography": {
					"fontFamily": "var(--wp--preset--font-family--roboto)",
					"fontSize": "var(--wp--custom--typography--font-size--heading-three)",
					"lineHeight": "var(--wp--custom--typography--line-height--heading-three)",
					"fontWeight": "var(--wp--custom--typography--font-weight--semi-bold)"
				},
				"color": {
					"text": "var(--wp--preset--color--foreground)"
				}
			},
			"h4": {
				"spacing": {
					"margin": {
						"top": 0,
						"bottom": "0.625rem"
					}
				},
				"typography": {
					"fontFamily": "var(--wp--preset--font-family--roboto)",
					"fontSize": "var(--wp--custom--typography--font-size--heading-four)",
					"lineHeight": "var(--wp--custom--typography--line-height--heading-four)",
					"fontWeight": "var(--wp--custom--typography--font-weight--semi-bold)"
				},
				"color": {
					"text": "var(--wp--preset--color--foreground)"
				}
			},
			"h5": {
				"spacing": {
					"margin": {
						"top": 0,
						"bottom": "0.625rem"
					}
				},
				"typography": {
					"fontFamily": "var(--wp--preset--font-family--roboto)",
					"fontSize": "var(--wp--custom--typography--font-size--heading-five)",
					"lineHeight": "var(--wp--custom--typography--line-height--heading-five)",
					"fontWeight": "var(--wp--custom--typography--font-weight--semi-bold)"
				},
				"color": {
					"text": "var(--wp--preset--color--foreground)"
				}
			},
			"h6": {
				"spacing": {
					"margin": {
						"top": 0,
						"bottom": "0.625rem"
					}
				},
				"typography": {
					"fontFamily": "var(--wp--preset--font-family--roboto)",
					"fontSize": "var(--wp--custom--typography--font-size--heading-six)",
					"lineHeight": "var(--wp--custom--typography--line-height--heading-six)",
					"fontWeight": "var(--wp--custom--typography--font-weight--semi-bold)"
				},
				"color": {
					"text": "var(--wp--preset--color--foreground)"
				}
			},
			"link": {
				"color": {
					"text": "var(--wp--preset--color--foreground)"
				},
				"typography": {
					"textDecoration": "underline"
				},
				":hover": {
					"typography": {
						"textDecoration": "none"
					},
					"color": {
						"text": "var(--wp--preset--color--primary)"
					}
				},
				":focus": {
					"typography": {
						"textDecoration": "none"
					},
					"color": {
						"text": "var(--wp--preset--color--primary)"
					}
				},
				":active": {
					"color": {
						"text": "var(--wp--preset--color--primary)"
					},
					"typography": {
						"textDecoration": "none"
					}
				}
			}
		},
		"spacing": {
			"blockGap": "2rem",
			"margin": {
				"top": "0px",
				"bottom": "0px",
				"right": "0px",
				"left": "0px"
			}
		},
		"typography": {
			"fontFamily": "var(--wp--preset--font-family--roboto)",
			"fontSize": "var(--wp--preset--font-size--normal)",
			"lineHeight": "var(--wp--custom--typography--line-height--paragraph)",
			"fontWeight": "var(--wp--custom--typography--font-weight--normal)"
		},
		"color": {
			"text": "var(--wp--preset--color--body-text)",
			"background": "var(--wp--preset--color--background)"
		}
	}
}