{
	"$schema": "https://schemas.wp.org/trunk/theme.json",
	"version": 2,
	"title": "Yellow Scheme",
	"settings": {
		"appearanceTools": true,
        "color": {
            "duotone": [
              {
                "colors": [
                  "#000000",
                  "#ffffff"
                ],
                "slug": "foreground-and-background",
                "name": "Foreground and background"
              },
              {
                "colors": [
                  "#000000",
                  "#ffe2c7"
                ],
                "slug": "foreground-and-secondary",
                "name": "Foreground and secondary"
              },
              {
                "colors": [
                  "#000000",
                  "#f6f6f6"
                ],
                "slug": "foreground-and-tertiary",
                "name": "Foreground and tertiary"
              },
              {
                "colors": [
                  "#32535C",
                  "#ffffff"
                ],
                "slug": "primary-and-background",
                "name": "Primary and background"
              },
              {
                "colors": [
                  "#32535C",
                  "#ffe2c7"
                ],
                "slug": "primary-and-secondary",
                "name": "Primary and secondary"
              },
              {
                "colors": [
                  "#32535C",
                  "#f6f6f6"
                ],
                "slug": "primary-and-tertiary",
                "name": "Primary and tertiary"
              }
            ],
            "gradients": [
              {
                "slug": "vertical-secondary-to-tertiary",
                "gradient": "linear-gradient(to bottom,var(--wp--preset--color--secondary) 0%,var(--wp--preset--color--tertiary) 100%)",
                "name": "Vertical secondary to tertiary"
              },
              {
                "slug": "vertical-secondary-to-background",
                "gradient": "linear-gradient(to bottom,var(--wp--preset--color--secondary) 0%,var(--wp--preset--color--background) 100%)",
                "name": "Vertical secondary to background"
              },
              {
                "slug": "vertical-tertiary-to-background",
                "gradient": "linear-gradient(to bottom,var(--wp--preset--color--tertiary) 0%,var(--wp--preset--color--background) 100%)",
                "name": "Vertical tertiary to background"
              },
              {
                "slug": "diagonal-primary-to-foreground",
                "gradient": "linear-gradient(to bottom right,var(--wp--preset--color--primary) 0%,var(--wp--preset--color--foreground) 100%)",
                "name": "Diagonal primary to foreground"
              },
              {
                "slug": "diagonal-secondary-to-background",
                "gradient": "linear-gradient(to bottom right,var(--wp--preset--color--secondary) 50%,var(--wp--preset--color--background) 50%)",
                "name": "Diagonal secondary to background"
              },
              {
                "slug": "diagonal-background-to-secondary",
                "gradient": "linear-gradient(to bottom right,var(--wp--preset--color--background) 50%,var(--wp--preset--color--secondary) 50%)",
                "name": "Diagonal background to secondary"
              },
              {
                "slug": "diagonal-tertiary-to-background",
                "gradient": "linear-gradient(to bottom right,var(--wp--preset--color--tertiary) 50%,var(--wp--preset--color--background) 50%)",
                "name": "Diagonal tertiary to background"
              },
              {
                "slug": "diagonal-background-to-tertiary",
                "gradient": "linear-gradient(to bottom right,var(--wp--preset--color--background) 50%,var(--wp--preset--color--tertiary) 50%)",
                "name": "Diagonal background to tertiary"
              }
            ],
            "palette": [
              {
                "color": "#fff",
                "name": "Foreground",
                "slug": "foreground"
              },
              {
                "color": "#000",
                "name": "Background",
                "slug": "background"
              },
              {
                "color": "#fff493",
                "name": "Primary",
                "slug": "primary"
              },
              {
                "color": "#77fde8",
                "name": "Secondary",
                "slug": "secondary"
              },
              {
                "color": "#0A0C11",
                "name": "Secondary Background",
                "slug": "background-secondary"
              },
              {
                "color": "#abadb3",
                "name": "Body Text",
                "slug": "body-text"
              },
              {
                "color": "#fafafa",
                "name": "Text Link",
                "slug": "text-link"
              },
              {
                "color": "#323438",
                "name": "Border",
                "slug": "border"
              },
              {
                "color": "#c3d9e7",
                "name": "Tertiary",
                "slug": "tertiary"
              },
              {
                "color": "#1a1c1c",
                "name": "Input Field",
                "slug": "input-field"
              },
              {
                "color": "#777",
                "name": "Boulder",
                "slug": "boulder"
              },
              {
                "color": "#7d6043",
                "name": "coffee",
                "slug": "coffee"
              },
              {
                "color": "#25d6a2",
                "name": "Cyan",
                "slug": "cyan"
              },
              {
                "color": "#1b67cc",
                "name": "Dark Blue",
                "slug": "dark-blue"
              },
              {
                "color": "#30b4da",
                "name": "Sky Blue",
                "slug": "sky-blue"
              },
              {
                "color": "#0fb36c",
                "name": "Dark Green",
                "slug": "dark-green"
              },
              {
                "color": "#6ba518",
                "name": "Lite Green",
                "slug": "lite-green"
              },
              {
                "color": "#c74a73",
                "name": "Purple",
                "slug": "purple"
              },
              {
                "color": "#9261c6",
                "name": "Dark Purple",
                "slug": "dark-purple"
              },
              {
                "color": "#f78550",
                "name": "Orange",
                "slug": "orange"
              },
              {
                "color": "#f9556d",
                "name": "Lite Red",
                "slug": "lite-red"
              },
              {
                "color": "#27808c",
                "name": "Hexadecimal",
                "slug": "hexadecimal"
              },
              {
                "color": "#ff6b98",
                "name": "Pink",
                "slug": "pink"
              }
            ]
          }
	}
}